Sentiment,OnChain,Buy_Thresh,Sell_Thresh,Stop_Loss,Take_Profit,Trailing,Trail_Decay,Return_Pct,BH_Return,Max_DD,Sharpe,Trades,Final_Eq,Duration_Sec
True,True,0.6,0.4,0.15,0.35,True,0.15,-8.574665457089885,428.1307268139334,-31.408207460552706,-0.12666766811371213,256,9142.533454291011,18.5
True,True,0.6,0.4,0.15,0.5,True,0.15,-8.574665457089885,428.1307268139334,-31.408207460552706,-0.12666766811371213,256,9142.533454291011,19.2
True,True,0.6,0.4,0.15,0.35,True,0.05,-12.553062566093686,428.1307268139334,-33.457749133317606,-0.18943688855275798,261,8744.693743390631,17.6
True,True,0.6,0.4,0.15,0.5,True,0.05,-12.553062566093686,428.1307268139334,-33.457749133317606,-0.18943688855275798,261,8744.693743390631,18.5
True,True,0.6,0.4,0.15,0.35,True,0.1,-14.113141396913853,428.1307268139334,-35.898494188624305,-0.21489603910481464,260,8588.685860308615,19.0
True,True,0.6,0.4,0.15,0.5,True,0.1,-14.113141396913853,428.1307268139334,-35.898494188624305,-0.21489603910481464,260,8588.685860308615,18.2
True,True,0.6,0.4,0.15,0.3,False,0.05,-18.476089374023495,428.1307268139334,-37.3136565315552,-0.2994919936961649,267,8152.3910625976505,20.7
True,True,0.6,0.4,0.15,0.3,False,0.1,-18.476089374023495,428.1307268139334,-37.3136565315552,-0.2994919936961649,267,8152.3910625976505,21.9
True,True,0.6,0.4,0.15,0.3,False,0.15,-18.476089374023495,428.1307268139334,-37.3136565315552,-0.2994919936961649,267,8152.3910625976505,20.4
True,True,0.55,0.4,0.1,0.15,False,0.1,-19.493161005429446,428.10934533797484,-39.876254306860936,-0.30184390464286004,303,8050.683899457055,17.8
True,True,0.6,0.4,0.15,0.25,False,0.05,-20.22328220107421,428.1307268139334,-37.926052562233906,-0.3325911647975013,268,7977.671779892579,18.6
True,True,0.6,0.4,0.15,0.25,False,0.1,-20.22328220107421,428.1307268139334,-37.926052562233906,-0.3325911647975013,268,7977.671779892579,22.8
True,True,0.6,0.4,0.15,0.25,False,0.15,-20.22328220107421,428.1307268139334,-37.926052562233906,-0.3325911647975013,268,7977.671779892579,18.1
True,True,0.6,0.4,0.15,0.5,False,0.15,-22.89945752251965,428.1307268139334,-34.78103674599846,-0.39890530543244834,266,7710.054247748035,20.3
True,True,0.6,0.4,0.15,0.5,False,0.1,-22.89945752251965,428.1307268139334,-34.78103674599846,-0.39890530543244834,266,7710.054247748035,18.3
True,True,0.6,0.4,0.15,0.5,False,0.05,-22.89945752251965,428.1307268139334,-34.78103674599846,-0.39890530543244834,266,7710.054247748035,18.0
True,True,0.6,0.4,0.1,0.3,False,0.1,-24.072625382500018,428.1307268139334,-41.3601153064113,-0.4152439070325554,271,7592.737461749998,24.4
True,True,0.6,0.4,0.1,0.3,False,0.15,-24.072625382500018,428.1307268139334,-41.3601153064113,-0.4152439070325554,271,7592.737461749998,21.9
True,True,0.6,0.4,0.1,0.3,False,0.05,-24.072625382500018,428.1307268139334,-41.3601153064113,-0.4152439070325554,271,7592.737461749998,23.8
True,True,0.55,0.4,0.05,0.3,False,0.1,-24.698956126269785,428.7313818154777,-44.53994307369798,-0.4010623299835718,304,7530.104387373021,18.0
True,True,0.55,0.4,0.05,0.3,False,0.05,-24.698956126269785,428.7313818154777,-44.53994307369798,-0.4010623299835718,304,7530.104387373021,18.6
True,True,0.55,0.4,0.05,0.3,False,0.15,-24.698956126269785,428.7313818154777,-44.53994307369798,-0.4010623299835718,304,7530.104387373021,18.1
True,True,0.6,0.4,0.15,0.35,False,0.05,-24.790357855234397,428.1307268139334,-37.949803514292945,-0.4509925295602104,268,7520.96421447656,21.3
True,True,0.6,0.4,0.15,0.35,False,0.15,-24.790357855234397,428.1307268139334,-37.949803514292945,-0.4509925295602104,268,7520.96421447656,18.2
True,True,0.55,0.4,0.05,0.35,False,0.05,-25.469936279824267,428.2986301405269,-45.10449985504824,-0.41630890981806046,304,7453.006372017573,21.4
True,True,0.55,0.4,0.05,0.35,False,0.1,-25.469936279824267,428.2986301405269,-45.10449985504824,-0.41630890981806046,304,7453.006372017573,20.3
True,True,0.55,0.4,0.05,0.35,False,0.15,-25.469936279824267,428.16089584154963,-45.10449985504824,-0.41630890981806046,304,7453.006372017573,19.6
True,True,0.6,0.4,0.1,0.25,False,0.1,-25.65109704185542,428.1307268139334,-41.863171373425345,-0.4484927001648223,272,7434.890295814458,26.0
True,True,0.6,0.4,0.1,0.25,False,0.05,-25.65109704185542,428.1307268139334,-41.863171373425345,-0.4484927001648223,272,7434.890295814458,20.5
True,True,0.6,0.4,0.1,0.25,False,0.15,-25.65109704185542,428.1307268139334,-41.863171373425345,-0.4484927001648223,272,7434.890295814458,18.7
True,True,0.55,0.4,0.05,0.3,True,0.05,-26.32508221259763,428.7313818154777,-50.96281584210374,-0.4195198396128733,285,7367.491778740237,17.5
True,True,0.55,0.4,0.05,0.15,True,0.15,-26.32508221259763,428.7313818154777,-50.96281584210374,-0.4195198396128733,285,7367.491778740237,18.3
True,True,0.55,0.4,0.05,0.15,True,0.05,-26.32508221259763,428.7313818154777,-50.96281584210374,-0.4195198396128733,285,7367.491778740237,21.2
True,True,0.55,0.4,0.05,0.3,True,0.1,-26.32508221259763,428.7313818154777,-50.96281584210374,-0.4195198396128733,285,7367.491778740237,17.3
True,True,0.55,0.4,0.05,0.3,True,0.15,-26.333037759472628,428.67080879897077,-50.96281584210374,-0.41967585316648043,285,7366.696224052737,17.9
True,True,0.55,0.4,0.05,0.15,True,0.1,-26.34416565009763,428.586081763469,-50.96281584210374,-0.4198940716017176,285,7365.583434990237,20.0
True,True,0.55,0.4,0.05,0.25,True,0.05,-26.347078775097625,428.5639014191779,-50.96281584210374,-0.4199511967805145,285,7365.2921224902375,19.7
True,True,0.55,0.4,0.05,0.25,True,0.1,-26.347078775097625,428.5639014191779,-50.96281584210374,-0.4199511967805145,285,7365.2921224902375,20.6
True,True,0.55,0.4,0.05,0.25,True,0.15,-26.381919009472632,428.2986301405269,-50.96281584210374,-0.4206343560141332,285,7361.808099052737,19.3
True,True,0.55,0.4,0.05,0.35,True,0.1,-26.400008775097632,428.16089584154963,-50.96281584210374,-0.42098903432189294,285,7359.999122490237,19.9
True,True,0.55,0.4,0.05,0.35,True,0.05,-26.400008775097632,428.16089584154963,-50.96281584210374,-0.42098903432189294,285,7359.999122490237,19.9
True,True,0.55,0.4,0.05,0.5,True,0.15,-26.40677932197263,428.10934533797484,-50.96281584210374,-0.42112177583670024,285,7359.322067802737,18.7
True,True,0.55,0.4,0.05,0.5,True,0.1,-26.41127861884763,428.07508798418627,-50.96281584210374,-0.42120998610642235,285,7358.872138115237,18.5
True,True,0.55,0.4,0.05,0.5,True,0.05,-26.41127861884763,428.07508798418627,-50.96281584210374,-0.42120998610642235,285,7358.872138115237,18.1
True,True,0.55,0.4,0.05,0.35,True,0.15,-26.41127861884763,428.07508798418627,-50.96281584210374,-0.42120998610642235,285,7358.872138115237,21.1
True,True,0.55,0.4,0.05,0.15,False,0.1,-26.592418207753965,428.5467492461562,-44.59270793592873,-0.438950617904762,306,7340.758179224604,20.1
True,True,0.55,0.4,0.05,0.15,False,0.15,-26.592418207753965,428.586081763469,-44.59270793592873,-0.438950617904762,306,7340.758179224604,20.2
True,True,0.55,0.4,0.05,0.15,False,0.05,-26.592418207753965,428.586081763469,-44.59270793592873,-0.438950617904762,306,7340.758179224604,21.0
True,True,0.6,0.4,0.05,0.15,False,0.15,-27.42990003667992,428.1307268139334,-48.55527777765881,-0.45932697775370307,279,7257.009996332008,23.5
True,True,0.6,0.4,0.05,0.15,False,0.05,-27.42990003667992,428.1307268139334,-48.55527777765881,-0.45932697775370307,279,7257.009996332008,22.6
True,True,0.6,0.4,0.05,0.15,False,0.1,-27.42990003667992,428.1307268139334,-48.55527777765881,-0.45932697775370307,279,7257.009996332008,21.0
True,True,0.6,0.4,0.1,0.15,False,0.1,-27.602432167050754,428.1307268139334,-49.35098927871557,-0.46111873269479736,276,7239.756783294924,21.6
True,True,0.6,0.4,0.1,0.15,False,0.05,-27.602432167050754,428.1307268139334,-49.35098927871557,-0.46111873269479736,276,7239.756783294924,21.6
True,True,0.6,0.4,0.1,0.15,False,0.15,-27.602432167050754,428.1307268139334,-49.35098927871557,-0.46111873269479736,276,7239.756783294924,21.9
True,True,0.55,0.4,0.05,0.25,False,0.05,-28.334837234296618,428.67080879897077,-44.53233439112475,-0.47503151577855757,306,7166.516276570338,17.9
True,True,0.55,0.4,0.05,0.25,False,0.15,-28.334837234296618,428.5639014191779,-44.53233439112475,-0.47503151577855757,306,7166.516276570338,19.3
True,True,0.55,0.4,0.05,0.25,False,0.1,-28.334837234296618,428.67080879897077,-44.53233439112475,-0.47503151577855757,306,7166.516276570338,18.7
True,True,0.6,0.4,0.15,0.15,False,0.05,-28.399338513574314,428.1307268139334,-44.27750906578536,-0.4997480545760006,269,7160.066148642569,20.6
True,True,0.6,0.4,0.15,0.15,False,0.1,-28.399338513574314,428.1307268139334,-44.27750906578536,-0.4997480545760006,269,7160.066148642569,23.3
True,True,0.6,0.4,0.15,0.15,False,0.15,-28.399338513574314,428.1307268139334,-44.27750906578536,-0.4997480545760006,269,7160.066148642569,21.0
True,True,0.6,0.4,0.1,0.5,False,0.15,-28.855131822636732,428.1307268139334,-42.56410302107071,-0.5178922460542954,268,7114.486817736327,23.8
True,True,0.6,0.4,0.1,0.5,False,0.1,-28.855131822636732,428.1307268139334,-42.56410302107071,-0.5178922460542954,268,7114.486817736327,23.3
True,True,0.6,0.4,0.1,0.5,False,0.05,-28.855131822636732,428.1307268139334,-42.56410302107071,-0.5178922460542954,268,7114.486817736327,20.0
True,True,0.6,0.4,0.15,0.35,False,0.1,-29.401436983691326,428.1307268139334,-38.508042732667555,-0.5322654413735339,266,7059.856301630867,18.2
True,True,0.6,0.4,0.05,0.25,False,0.05,-29.526477126835786,428.1307268139334,-42.61450981056972,-0.5047046340005038,277,7047.352287316421,24.5
True,True,0.6,0.4,0.05,0.3,False,0.1,-29.526477126835786,428.1307268139334,-42.61450981056972,-0.5047046340005038,277,7047.352287316421,20.9
True,True,0.6,0.4,0.05,0.3,False,0.05,-29.526477126835786,428.1307268139334,-42.61450981056972,-0.5047046340005038,277,7047.352287316421,22.2
True,True,0.6,0.4,0.05,0.3,False,0.15,-29.526477126835786,428.1307268139334,-42.61450981056972,-0.5047046340005038,277,7047.352287316421,25.0
True,True,0.6,0.4,0.05,0.25,False,0.1,-29.526477126835786,428.1307268139334,-42.61450981056972,-0.5047046340005038,277,7047.352287316421,21.1
True,True,0.6,0.4,0.05,0.25,False,0.15,-29.526477126835786,428.1307268139334,-42.61450981056972,-0.5047046340005038,277,7047.352287316421,25.3
True,True,0.6,0.4,0.05,0.35,False,0.05,-30.22918503921882,428.1307268139334,-43.20495439318381,-0.5200366381332876,276,6977.081496078118,18.7
True,True,0.6,0.4,0.05,0.35,False,0.1,-30.22918503921882,428.1307268139334,-43.20495439318381,-0.5200366381332876,276,6977.081496078118,22.6
True,True,0.6,0.4,0.05,0.35,False,0.15,-30.22918503921882,428.1307268139334,-43.20495439318381,-0.5200366381332876,276,6977.081496078118,19.1
True,True,0.55,0.4,0.15,0.35,False,0.05,-31.424271767734417,428.03011639629085,-35.04536726009503,-0.5208307038917761,302,6857.572823226558,19.9
True,True,0.55,0.4,0.15,0.35,False,0.15,-31.424271767734417,428.03011639629085,-35.04536726009503,-0.5208307038917761,302,6857.572823226558,21.3
True,True,0.55,0.4,0.15,0.35,False,0.1,-31.424271767734417,428.03011639629085,-35.04536726009503,-0.5208307038917761,302,6857.572823226558,20.9
True,True,0.6,0.4,0.05,0.15,True,0.15,-31.83305861115245,428.1307268139334,-49.22469704048702,-0.5427433005402751,264,6816.694138884755,21.9
True,True,0.6,0.4,0.05,0.5,True,0.15,-31.83305861115245,428.1307268139334,-49.22469704048702,-0.5427433005402751,264,6816.694138884755,23.6
True,True,0.6,0.4,0.05,0.35,True,0.15,-31.83305861115245,428.1307268139334,-49.22469704048702,-0.5427433005402751,264,6816.694138884755,20.0
True,True,0.6,0.4,0.05,0.3,True,0.15,-31.83305861115245,428.1307268139334,-49.22469704048702,-0.5427433005402751,264,6816.694138884755,28.5
True,True,0.6,0.4,0.05,0.25,True,0.15,-31.83305861115245,428.1307268139334,-49.22469704048702,-0.5427433005402751,264,6816.694138884755,24.9
True,True,0.6,0.4,0.05,0.5,True,0.05,-31.91010871400377,428.1307268139334,-49.141273028540375,-0.5446788519204752,265,6808.989128599623,23.5
True,True,0.6,0.4,0.05,0.35,True,0.05,-31.91010871400377,428.1307268139334,-49.141273028540375,-0.5446788519204752,265,6808.989128599623,18.8
True,True,0.6,0.4,0.05,0.3,True,0.1,-31.91010871400377,428.1307268139334,-49.141273028540375,-0.5446788519204752,265,6808.989128599623,21.4
True,True,0.6,0.4,0.05,0.15,True,0.05,-31.91010871400377,428.1307268139334,-49.141273028540375,-0.5446788519204752,265,6808.989128599623,20.7
True,True,0.6,0.4,0.05,0.3,True,0.05,-31.91010871400377,428.1307268139334,-49.141273028540375,-0.5446788519204752,265,6808.989128599623,23.2
True,True,0.6,0.4,0.05,0.15,True,0.1,-31.91010871400377,428.1307268139334,-49.141273028540375,-0.5446788519204752,265,6808.989128599623,20.1
True,True,0.6,0.4,0.1,0.15,True,0.05,-31.91010871400377,428.1307268139334,-49.141273028540375,-0.5446788519204752,265,6808.989128599623,24.2
True,True,0.6,0.4,0.05,0.5,True,0.1,-31.91010871400377,428.1307268139334,-49.141273028540375,-0.5446788519204752,265,6808.989128599623,23.7
True,True,0.6,0.4,0.05,0.35,True,0.1,-31.91010871400377,428.1307268139334,-49.141273028540375,-0.5446788519204752,265,6808.989128599623,17.8
True,True,0.6,0.4,0.05,0.25,True,0.05,-31.91010871400377,428.1307268139334,-49.141273028540375,-0.5446788519204752,265,6808.989128599623,22.6
True,True,0.6,0.4,0.05,0.25,True,0.1,-31.91010871400377,428.1307268139334,-49.141273028540375,-0.5446788519204752,265,6808.989128599623,23.2
True,True,0.55,0.4,0.15,0.5,True,0.15,-31.93229830499993,428.1403602261785,-40.076108980263626,-0.5252504801051696,286,6806.770169500007,19.3
True,True,0.55,0.4,0.15,0.35,True,0.15,-31.935611820624928,428.11305772610825,-40.076108980263626,-0.5253212016400091,286,6806.438817937507,18.5
True,True,0.55,0.4,0.15,0.25,True,0.15,-31.94101838312492,428.06850906850667,-40.076108980263626,-0.5254365916405015,286,6805.898161687508,20.9
True,True,0.6,0.4,0.1,0.15,True,0.15,-31.984642691816507,428.1307268139334,-49.879989811358506,-0.5438199017064642,263,6801.535730818349,23.1
True,True,0.6,0.4,0.1,0.15,True,0.1,-32.21613492187509,428.1307268139334,-49.894988430067386,-0.5486838447384325,264,6778.386507812491,26.9
True,True,0.55,0.4,0.15,0.5,True,0.1,-32.580690058457094,428.1403602261785,-41.533097872328106,-0.5389792847455407,289,6741.930994154291,20.9
True,True,0.55,0.4,0.15,0.35,True,0.1,-32.5839581834571,428.11305772610825,-41.533097872328106,-0.5390499041209115,289,6741.60418165429,21.1
True,True,0.55,0.4,0.15,0.5,True,0.05,-32.959975510937326,428.1403602261785,-40.66475379795123,-0.548812639339586,289,6704.002448906268,20.4
True,True,0.55,0.4,0.15,0.35,True,0.05,-32.963243635937324,428.11305772610825,-40.66475379795123,-0.5488839974462107,289,6703.675636406268,18.4
True,True,0.55,0.4,0.05,0.5,False,0.05,-34.015283352539086,428.07508798418627,-50.2291205174206,-0.6043464990024267,301,6598.471664746092,19.6
True,True,0.55,0.4,0.05,0.5,False,0.1,-34.015283352539086,428.07508798418627,-50.2291205174206,-0.6043464990024267,301,6598.471664746092,20.5
True,True,0.55,0.4,0.05,0.5,False,0.15,-34.015283352539086,428.07508798418627,-50.2291205174206,-0.6043464990024267,301,6598.471664746092,18.2
True,True,0.55,0.4,0.15,0.5,False,0.05,-34.24286165316403,428.10798256258397,-37.734181290689314,-0.579342674834057,297,6575.713834683597,20.7
True,True,0.55,0.4,0.15,0.5,False,0.1,-34.24286165316403,428.10798256258397,-37.734181290689314,-0.579342674834057,297,6575.713834683597,20.3
True,True,0.55,0.4,0.15,0.5,False,0.15,-34.24286165316403,428.10798256258397,-37.734181290689314,-0.579342674834057,297,6575.713834683597,20.2
True,True,0.6,0.4,0.1,0.35,False,0.05,-34.32649377796864,428.1307268139334,-42.48643960915616,-0.6607836244710318,270,6567.350622203136,20.3
True,True,0.6,0.4,0.1,0.35,False,0.1,-34.32649377796864,428.1307268139334,-42.48643960915616,-0.6607836244710318,270,6567.350622203136,23.1
True,True,0.6,0.4,0.1,0.35,False,0.15,-34.32649377796864,428.1307268139334,-42.48643960915616,-0.6607836244710318,270,6567.350622203136,19.1
True,True,0.55,0.4,0.15,0.3,False,0.1,-36.248288981523515,428.10074575533656,-46.303420959794884,-0.6526911814488477,305,6375.171101847648,21.1
True,True,0.55,0.4,0.15,0.3,False,0.05,-36.248288981523515,428.10074575533656,-46.303420959794884,-0.6526911814488477,305,6375.171101847648,20.0
True,True,0.55,0.4,0.15,0.3,False,0.15,-36.248288981523515,428.10074575533656,-46.303420959794884,-0.6526911814488477,305,6375.171101847648,19.1
True,True,0.55,0.4,0.15,0.25,False,0.1,-36.40725684597667,428.06850906850667,-46.44130553893996,-0.6564734853417125,305,6359.274315402333,19.8
True,True,0.55,0.4,0.15,0.25,False,0.15,-36.40725684597667,428.06850906850667,-46.44130553893996,-0.6564734853417125,305,6359.274315402333,21.1
True,True,0.55,0.4,0.15,0.25,False,0.05,-36.40725684597667,428.06850906850667,-46.44130553893996,-0.6564734853417125,305,6359.274315402333,19.9
True,True,0.6,0.4,0.05,0.5,False,0.05,-36.826298487382935,428.1307268139334,-45.18021221480344,-0.6727805086285285,274,6317.370151261706,22.6
True,True,0.6,0.4,0.05,0.5,False,0.15,-36.826298487382935,428.1307268139334,-45.18021221480344,-0.6727805086285285,274,6317.370151261706,23.8
True,True,0.6,0.4,0.05,0.5,False,0.1,-36.826298487382935,428.1307268139334,-45.18021221480344,-0.6727805086285285,274,6317.370151261706,22.3
True,True,0.55,0.4,0.15,0.15,True,0.15,-36.99528930937504,428.1128697570889,-54.89916568692017,-0.6560392155660135,285,6300.471069062496,19.4
True,True,0.55,0.4,0.15,0.3,True,0.15,-36.998763684375035,428.0821368224143,-54.89916568692017,-0.6561237535965317,285,6300.1236315624965,20.2
True,True,0.65,0.4,0.15,0.3,False,0.15,-37.00827583701181,428.21366814375085,-46.47589624374964,-0.7600499351281593,246,6299.172416298819,21.8
True,True,0.65,0.4,0.15,0.3,False,0.1,-37.00827583701181,428.0342987069729,-46.47589624374964,-0.7600499351281593,246,6299.172416298819,22.8
True,True,0.65,0.4,0.15,0.3,False,0.05,-37.00827583701181,428.0342987069729,-46.47589624374964,-0.7600499351281593,246,6299.172416298819,24.2
True,True,0.65,0.4,0.15,0.25,False,0.15,-37.391833556504004,428.24994616449806,-46.669876063639585,-0.7716110847863904,247,6260.816644349599,21.7
True,True,0.65,0.4,0.15,0.25,False,0.1,-37.391833556504004,428.21366814375085,-46.669876063639585,-0.7716110847863904,247,6260.816644349599,22.4
True,True,0.65,0.4,0.15,0.25,False,0.05,-37.391833556504004,428.24994616449806,-46.669876063639585,-0.7716110847863904,247,6260.816644349599,24.0
True,True,0.55,0.4,0.1,0.5,False,0.05,-37.932896446855544,428.2013561729791,-47.63447526018256,-0.6847898473266166,302,6206.710355314445,17.5
True,True,0.55,0.4,0.1,0.5,False,0.1,-37.932896446855544,428.2013561729791,-47.63447526018256,-0.6847898473266166,302,6206.710355314445,17.3
True,True,0.55,0.4,0.1,0.5,False,0.15,-37.932896446855544,428.2013561729791,-47.63447526018256,-0.6847898473266166,302,6206.710355314445,17.3
True,True,0.55,0.4,0.1,0.5,True,0.15,-38.34901308845704,428.12043551012044,-57.915663354924305,-0.6827980437297386,286,6165.098691154296,21.1
True,True,0.55,0.4,0.1,0.35,True,0.15,-38.35651543220705,428.0520617793078,-57.915663354924305,-0.6829841521619843,286,6164.348456779296,18.8
True,True,0.55,0.4,0.1,0.15,True,0.15,-38.362465744707045,427.99783271720617,-57.915663354924305,-0.6831317424363528,286,6163.753425529296,20.6
True,True,0.55,0.4,0.1,0.3,True,0.15,-38.369746369707045,427.9314796533523,-57.915663354924305,-0.6833123085576458,286,6163.0253630292955,20.6
True,True,0.55,0.4,0.1,0.25,True,0.15,-38.374722150957055,427.88613212741814,-57.915663354924305,-0.6834356991860575,286,6162.527784904295,19.3
True,True,0.55,0.4,0.15,0.15,True,0.1,-38.415583444394734,428.12823622442613,-57.86551713625199,-0.684195245043901,287,6158.441655560527,20.9
True,True,0.55,0.4,0.1,0.5,True,0.1,-38.416439381894726,428.12043551012044,-57.86551713625199,-0.68421650274683,287,6158.3560618105275,17.4
True,True,0.6,0.4,0.15,0.3,True,0.15,-38.41837597111349,428.1307268139334,-53.19633184392687,-0.7208998169819584,257,6158.162402888651,19.5
True,True,0.6,0.4,0.15,0.15,True,0.15,-38.41837597111349,428.1307268139334,-53.19633184392687,-0.7208998169819584,257,6158.162402888651,20.4
True,True,0.6,0.4,0.15,0.25,True,0.15,-38.41837597111349,428.1307268139334,-53.19633184392687,-0.7208998169819584,257,6158.162402888651,18.3
True,True,0.55,0.4,0.15,0.3,True,0.1,-38.42064172564473,428.0821368224143,-57.86551713625199,-0.684320865749761,287,6157.935827435527,19.8
True,True,0.55,0.4,0.15,0.25,True,0.1,-38.42213703814472,428.06850906850667,-57.86551713625199,-0.6843579991938349,287,6157.786296185528,20.8
True,True,0.55,0.4,0.1,0.35,True,0.1,-38.42394172564473,428.0520617793078,-57.86551713625199,-0.684402814119837,287,6157.605827435527,20.0
True,True,0.55,0.4,0.1,0.15,True,0.1,-38.42989203814472,427.99783271720617,-57.86551713625199,-0.6845505652605746,287,6157.010796185527,18.8
True,True,0.55,0.4,0.1,0.3,True,0.1,-38.43717266314473,427.9314796533523,-57.86551713625199,-0.6847313281025036,287,6156.282733685527,18.9
True,True,0.55,0.4,0.1,0.25,True,0.1,-38.44214844439474,427.88613212741814,-57.86551713625199,-0.6848548531052082,287,6155.785155560527,20.4
True,True,0.55,0.4,0.1,0.5,True,0.05,-39.26565639451198,428.12043551012044,-57.544480542408884,-0.7092888938296948,287,6073.434360548802,17.7
True,True,0.55,0.4,0.15,0.15,True,0.05,-39.26647397263698,428.1128697570889,-57.544480542408884,-0.7093096416668011,287,6073.352602736302,20.7
True,True,0.55,0.4,0.15,0.3,True,0.05,-39.269795066386976,428.0821368224143,-57.544480542408884,-0.7093939183182392,287,6073.020493361302,20.6
True,True,0.55,0.4,0.15,0.25,True,0.05,-39.27126772263698,428.06850906850667,-57.544480542408884,-0.7094312869609836,287,6072.873227736302,19.5
True,True,0.55,0.4,0.1,0.35,True,0.05,-39.27304506638698,428.0520617793078,-57.544480542408884,-0.7094763856247018,287,6072.695493361302,20.1
True,True,0.55,0.4,0.1,0.15,True,0.05,-39.27890522263698,427.99783271720617,-57.544480542408884,-0.7096250713327923,287,6072.109477736302,20.8
True,True,0.55,0.4,0.1,0.3,True,0.05,-39.28607553513698,427.9314796533523,-57.544480542408884,-0.7098069756894316,287,6071.392446486302,19.5
True,True,0.55,0.4,0.1,0.25,True,0.05,-39.29097592576198,427.88613212741814,-57.544480542408884,-0.7099312795726578,287,6070.902407423802,20.4
True,True,0.55,0.4,0.1,0.25,False,0.05,-39.55244708181639,427.9314796533523,-49.89068253480885,-0.7289314945958215,309,6044.755291818361,19.5
True,True,0.55,0.4,0.1,0.25,False,0.15,-39.55244708181639,427.9314796533523,-49.89068253480885,-0.7289314945958215,309,6044.755291818361,19.6
True,True,0.55,0.4,0.1,0.3,False,0.15,-39.55244708181639,427.9953891199538,-49.89068253480885,-0.7289314945958215,309,6044.755291818361,20.3
True,True,0.55,0.4,0.1,0.3,False,0.05,-39.55244708181639,427.9953891199538,-49.89068253480885,-0.7289314945958215,309,6044.755291818361,21.1
True,True,0.55,0.4,0.1,0.3,False,0.1,-39.55244708181639,427.9953891199538,-49.89068253480885,-0.7289314945958215,309,6044.755291818361,20.1
True,True,0.55,0.4,0.1,0.25,False,0.1,-39.55244708181639,427.9314796533523,-49.89068253480885,-0.7289314945958215,309,6044.755291818361,19.8
True,True,0.65,0.4,0.15,0.15,False,0.1,-39.72300416882806,427.872645350275,-48.88914153131784,-0.8456616107723425,249,6027.6995831171935,22.6
True,True,0.65,0.4,0.15,0.15,False,0.05,-39.72300416882806,427.872645350275,-48.88914153131784,-0.8456616107723425,249,6027.6995831171935,22.6
True,True,0.65,0.4,0.15,0.15,False,0.15,-39.72300416882806,427.96240055704624,-48.88914153131784,-0.8456616107723425,249,6027.6995831171935,22.6
True,True,0.65,0.4,0.1,0.3,False,0.1,-39.952503070585955,427.81771140435063,-49.84373007147781,-0.833058805809829,249,6004.749692941405,20.1
True,True,0.65,0.4,0.1,0.3,False,0.05,-39.952503070585955,427.81367007043326,-49.84373007147781,-0.833058805809829,249,6004.749692941405,19.8
True,True,0.65,0.4,0.1,0.3,False,0.15,-39.952503070585955,427.81367007043326,-49.84373007147781,-0.833058805809829,249,6004.749692941405,20.8
True,True,0.6,0.4,0.1,0.3,True,0.05,-40.32382955716804,428.1307268139334,-52.83805742729015,-0.783837052613837,262,5967.617044283196,21.5
True,True,0.6,0.4,0.1,0.5,True,0.05,-40.32382955716804,428.1307268139334,-52.83805742729015,-0.783837052613837,262,5967.617044283196,20.6
True,True,0.6,0.4,0.15,0.3,True,0.05,-40.32382955716804,428.1307268139334,-52.83805742729015,-0.783837052613837,262,5967.617044283196,20.7
True,True,0.6,0.4,0.15,0.15,True,0.05,-40.32382955716804,428.1307268139334,-52.83805742729015,-0.783837052613837,262,5967.617044283196,20.3
True,True,0.6,0.4,0.1,0.25,True,0.05,-40.32382955716804,428.1307268139334,-52.83805742729015,-0.783837052613837,262,5967.617044283196,20.3
True,True,0.6,0.4,0.1,0.35,True,0.05,-40.32382955716804,428.1307268139334,-52.83805742729015,-0.783837052613837,262,5967.617044283196,19.5
True,True,0.6,0.4,0.15,0.25,True,0.05,-40.32382955716804,428.1307268139334,-52.83805742729015,-0.783837052613837,262,5967.617044283196,18.4
True,True,0.65,0.4,0.1,0.25,False,0.05,-40.474924181640745,427.87048370655174,-50.14708450088803,-0.8477708287942932,250,5952.5075818359255,20.0
True,True,0.65,0.4,0.1,0.25,False,0.15,-40.474924181640745,427.87048370655174,-50.14708450088803,-0.8477708287942932,250,5952.5075818359255,19.2
True,True,0.65,0.4,0.1,0.25,False,0.1,-40.474924181640745,427.87048370655174,-50.14708450088803,-0.8477708287942932,250,5952.5075818359255,20.4
True,True,0.55,0.4,0.1,0.35,False,0.15,-40.79724829283201,427.9738196749758,-50.92076945605971,-0.7615091682072159,307,5920.275170716799,20.3
True,True,0.55,0.4,0.1,0.35,False,0.1,-40.79724829283201,427.9738196749758,-50.92076945605971,-0.7615091682072159,307,5920.275170716799,19.4
True,True,0.55,0.4,0.1,0.35,False,0.05,-40.79724829283201,427.9738196749758,-50.92076945605971,-0.7615091682072159,307,5920.275170716799,21.2
True,True,0.6,0.4,0.1,0.5,True,0.15,-41.089404181913935,428.1307268139334,-54.281345606612064,-0.8027224358464295,260,5891.059581808607,21.0
True,True,0.6,0.4,0.1,0.35,True,0.15,-41.089404181913935,428.1307268139334,-54.281345606612064,-0.8027224358464295,260,5891.059581808607,19.8
True,True,0.6,0.4,0.1,0.25,True,0.15,-41.089404181913935,428.1307268139334,-54.281345606612064,-0.8027224358464295,260,5891.059581808607,18.9
True,True,0.6,0.4,0.1,0.3,True,0.15,-41.089404181913935,428.1307268139334,-54.281345606612064,-0.8027224358464295,260,5891.059581808607,21.0
True,True,0.65,0.4,0.15,0.5,True,0.05,-41.09233386611326,428.4600015436957,-55.99663654515944,-0.798667857942697,248,5890.766613388674,20.2
True,True,0.65,0.4,0.15,0.35,True,0.05,-41.10586902236326,428.3307728428471,-55.99663654515944,-0.7990460152215533,248,5889.413097763674,24.7
True,True,0.65,0.4,0.15,0.25,True,0.05,-41.11633785048826,428.2308203167725,-55.99663654515944,-0.7993384074205042,248,5888.366214951174,25.0
True,True,0.6,0.4,0.15,0.3,True,0.1,-41.32868534576155,428.1307268139334,-54.35050148640864,-0.8089774427674755,261,5867.131465423845,23.0
True,True,0.6,0.4,0.1,0.3,True,0.1,-41.32868534576155,428.1307268139334,-54.35050148640864,-0.8089774427674755,261,5867.131465423845,23.9
True,True,0.6,0.4,0.1,0.25,True,0.1,-41.32868534576155,428.1307268139334,-54.35050148640864,-0.8089774427674755,261,5867.131465423845,23.3
True,True,0.6,0.4,0.1,0.5,True,0.1,-41.32868534576155,428.1307268139334,-54.35050148640864,-0.8089774427674755,261,5867.131465423845,23.4
True,True,0.6,0.4,0.15,0.15,True,0.1,-41.32868534576155,428.1307268139334,-54.35050148640864,-0.8089774427674755,261,5867.131465423845,22.2
True,True,0.6,0.4,0.15,0.25,True,0.1,-41.32868534576155,428.1307268139334,-54.35050148640864,-0.8089774427674755,261,5867.131465423845,18.4
True,True,0.6,0.4,0.1,0.35,True,0.1,-41.32868534576155,428.1307268139334,-54.35050148640864,-0.8089774427674755,261,5867.131465423845,22.0
True,True,0.65,0.4,0.05,0.25,True,0.1,-41.533939746406325,427.9326074674688,-53.04503147394337,-0.8345329742452083,247,5846.606025359367,18.3
True,True,0.65,0.4,0.05,0.25,True,0.05,-41.533939746406325,427.9326074674688,-53.04503147394337,-0.8345329742452083,247,5846.606025359367,18.9
True,True,0.65,0.4,0.05,0.3,True,0.15,-41.53459927765633,427.9263105053183,-53.04503147394337,-0.8345520724407604,247,5846.540072234367,20.8
True,True,0.65,0.4,0.05,0.3,True,0.05,-41.53888623078132,427.8853802513405,-53.04503147394337,-0.834676201210619,247,5846.111376921867,19.3
True,True,0.65,0.4,0.05,0.3,True,0.1,-41.53888623078132,427.8853802513405,-53.04503147394337,-0.834676201210619,247,5846.111376921867,20.0
True,True,0.65,0.4,0.05,0.25,True,0.15,-41.538950215156326,427.8847693520273,-53.04503147394337,-0.8346780537541081,247,5846.104978484367,15.3
True,True,0.65,0.4,0.05,0.15,True,0.15,-41.542346308906325,427.85234469617814,-53.04503147394337,-0.834776375790864,247,5845.765369109367,19.8
True,True,0.65,0.4,0.05,0.15,True,0.05,-41.542346308906325,427.85234469617814,-53.04503147394337,-0.834776375790864,247,5845.765369109367,21.3
True,True,0.65,0.4,0.05,0.15,True,0.1,-41.542346308906325,427.85234469617814,-53.04503147394337,-0.834776375790864,247,5845.765369109367,21.1
True,True,0.65,0.4,0.1,0.15,True,0.05,-41.545973730781334,427.81771140435063,-53.04503147394337,-0.8348813836980803,247,5845.402626921867,19.3
True,True,0.65,0.4,0.05,0.5,True,0.1,-41.54625919953132,427.81498585356917,-53.04503147394337,-0.834889647048601,247,5845.374080046868,17.1
True,True,0.65,0.4,0.05,0.5,True,0.15,-41.546825215156325,427.809581744261,-53.04503147394337,-0.8349060310615118,247,5845.317478484368,19.4
True,True,0.65,0.4,0.05,0.5,True,0.05,-41.546825215156325,427.809581744261,-53.04503147394337,-0.8349060310615118,247,5845.317478484368,19.7
True,True,0.65,0.4,0.05,0.35,True,0.05,-41.547204199531336,427.80596334063716,-53.04503147394337,-0.8349170010661939,247,5845.279580046867,16.0
True,True,0.65,0.4,0.05,0.35,True,0.1,-41.547204199531336,427.80596334063716,-53.04503147394337,-0.8349170010661939,247,5845.279580046867,15.9
True,True,0.65,0.4,0.05,0.35,True,0.15,-41.547204199531336,427.80596334063716,-53.04503147394337,-0.8349170010661939,247,5845.279580046867,17.5
True,True,0.65,0.4,0.15,0.5,True,0.1,-42.52100934511734,428.4600015436957,-57.542808003125714,-0.8368842497739899,246,5747.8990654882655,17.6
True,True,0.65,0.4,0.15,0.35,True,0.1,-42.53432965761735,428.3307728428471,-57.542808003125714,-0.8372677199225922,246,5746.5670342382655,21.6
True,True,0.55,0.4,0.15,0.15,False,0.15,-42.95981423050801,428.12823622442613,-51.94912495023263,-0.8278584242836491,306,5704.018576949199,19.1
True,True,0.55,0.4,0.15,0.15,False,0.1,-42.95981423050801,428.12823622442613,-51.94912495023263,-0.8278584242836491,306,5704.018576949199,20.5
True,True,0.55,0.4,0.15,0.15,False,0.05,-42.95981423050801,428.12823622442613,-51.94912495023263,-0.8278584242836491,306,5704.018576949199,19.7
True,True,0.7,0.4,0.15,0.5,True,0.05,-43.24275953962895,427.9592050837162,-50.9652650479399,-0.9509440979241232,211,5675.724046037105,21.3
True,True,0.7,0.4,0.15,0.35,True,0.05,-43.26012547712895,427.7879653070281,-50.9652650479399,-0.9515057982088897,211,5673.987452287105,18.4
True,True,0.65,0.4,0.1,0.15,True,0.1,-43.42227494658209,427.809581744261,-54.7720322406006,-0.8871465072297853,246,5657.772505341791,19.4
True,True,0.65,0.4,0.15,0.3,True,0.05,-43.436380626327946,428.21366814375085,-51.57033940448643,-0.8777444201825209,237,5656.361937367205,24.2
True,True,0.65,0.4,0.15,0.15,True,0.05,-43.461862423202945,427.96240055704624,-51.57033940448643,-0.8785073273157143,237,5653.813757679705,20.9
True,True,0.65,0.4,0.1,0.3,True,0.05,-43.47118398570294,427.87048370655174,-51.57033940448643,-0.8787862469544834,237,5652.881601429705,18.8
True,True,0.65,0.4,0.1,0.25,True,0.05,-43.471612891952944,427.8662544036149,-51.57033940448643,-0.8787990785962206,237,5652.838710804705,28.7
True,True,0.65,0.4,0.1,0.5,True,0.05,-43.472060860702946,427.8618371316586,-51.57033940448643,-0.8788124803367838,237,5652.793913929705,21.6
True,True,0.65,0.4,0.1,0.35,True,0.05,-43.47311406382794,427.8514518433359,-51.57033940448643,-0.8788439878965334,237,5652.688593617206,22.5
True,True,0.65,0.4,0.15,0.3,True,0.15,-43.47554295058585,428.21366814375085,-49.591158296380286,-0.8882982263624013,233,5652.445704941415,21.1
True,True,0.65,0.4,0.15,0.5,True,0.15,-43.481797349511794,428.46408986986796,-56.50114842473069,-0.8659641450488107,243,5651.82026504882,17.7
True,True,0.65,0.4,0.15,0.35,True,0.15,-43.49531742763679,428.3307728428471,-56.50114842473069,-0.8663627423163676,243,5650.468257236321,21.5
True,True,0.65,0.4,0.15,0.15,True,0.15,-43.50102474746085,427.96240055704624,-49.591158296380286,-0.8890700152044969,233,5649.897525253915,21.5
True,True,0.65,0.4,0.15,0.25,True,0.15,-43.5054539120118,428.2308203167725,-56.50114842473069,-0.8666614724929189,243,5649.45460879882,21.9
True,True,0.65,0.4,0.15,0.5,False,0.1,-43.67391076197266,428.4600015436957,-52.27426160785992,-0.9115638899826031,254,5632.608923802734,21.8
True,True,0.65,0.4,0.15,0.5,False,0.15,-43.67391076197266,428.4600015436957,-52.27426160785992,-0.9115638899826031,254,5632.608923802734,21.8
True,True,0.65,0.4,0.15,0.5,False,0.05,-43.67391076197266,428.4600015436957,-52.27426160785992,-0.9115638899826031,254,5632.608923802734,24.1
True,True,0.7,0.4,0.15,0.5,True,0.1,-44.93277567439456,427.9592050837162,-52.42380964654368,-1.0035473752263266,211,5506.722432560544,20.3
True,True,0.7,0.4,0.15,0.35,True,0.1,-44.94957223689456,427.7879653070281,-52.42380964654368,-1.0041110888229459,211,5505.042776310544,19.7
True,True,0.65,0.4,0.15,0.25,True,0.1,-45.05027846339846,428.24994616449806,-52.95459199829165,-0.9248142039765602,237,5494.972153660154,22.0
True,True,0.65,0.4,0.15,0.3,True,0.1,-45.05383690089846,428.21366814375085,-52.95459199829165,-0.9249247598880077,237,5494.616309910154,22.0
True,True,0.7,0.4,0.15,0.5,True,0.15,-45.055775035214886,427.89327495015596,-52.46920935915333,-1.008077480950094,211,5494.422496478512,20.1
True,True,0.7,0.4,0.15,0.25,True,0.15,-45.058190347714884,427.86865100861246,-52.46920935915333,-1.008158803247772,211,5494.180965228512,18.9
True,True,0.7,0.4,0.15,0.35,True,0.15,-45.07075550396488,427.74055012188035,-52.46920935915333,-1.0085817140170514,211,5492.924449603512,19.7
True,True,0.65,0.4,0.15,0.15,True,0.1,-45.07848322902346,427.96240055704624,-52.95459199829165,-0.9256900938039624,237,5492.151677097654,20.3
True,True,0.65,0.4,0.1,0.25,True,0.1,-45.08749916652346,427.87048370655174,-52.95459199829165,-0.9259698899929781,237,5491.250083347654,22.6
True,True,0.65,0.4,0.1,0.5,True,0.1,-45.08834729152346,427.8618371316586,-52.95459199829165,-0.9259962055234728,237,5491.165270847654,22.4
True,True,0.65,0.4,0.1,0.35,True,0.1,-45.08936596339846,427.8514518433359,-52.95459199829165,-0.9260278116797575,237,5491.063403660154,21.4
True,True,0.65,0.4,0.1,0.3,True,0.1,-45.09307190089846,427.81367007043326,-52.95459199829165,-0.9261427851820692,237,5490.692809910154,20.7
True,True,0.7,0.4,0.1,0.5,True,0.05,-45.18621486972652,427.9387164605998,-53.30724110017335,-1.016188098025232,205,5481.378513027348,19.4
True,True,0.7,0.4,0.15,0.3,True,0.05,-45.191865963476516,427.88110395614876,-53.30724110017335,-1.0163804299488184,205,5480.813403652348,19.9
True,True,0.7,0.4,0.15,0.25,True,0.05,-45.19308744785151,427.86865100861246,-53.30724110017335,-1.0164219956055072,205,5480.691255214849,18.6
True,True,0.7,0.4,0.15,0.15,True,0.05,-45.19752166660152,427.8234444594429,-53.30724110017335,-1.016572866142205,205,5480.2478333398485,20.2
True,True,0.7,0.4,0.1,0.3,True,0.05,-45.19926861972652,427.8056343948532,-53.30724110017335,-1.0166322958541094,205,5480.073138027348,19.4
True,True,0.7,0.4,0.1,0.25,True,0.05,-45.20062377597652,427.7918186719261,-53.30724110017335,-1.0166783935407904,205,5479.937622402348,20.3
True,True,0.7,0.4,0.1,0.35,True,0.05,-45.20437580722651,427.7535669764749,-53.30724110017335,-1.0168060087673092,205,5479.562419277348,21.2
True,True,0.7,0.4,0.1,0.15,True,0.05,-45.21620346347651,427.63298485051945,-53.30724110017335,-1.01720814271211,205,5478.379653652349,20.9
True,True,0.65,0.4,0.05,0.15,False,0.1,-45.7745885200977,427.89327495015596,-53.12881493506497,-1.0035605089199742,256,5422.54114799023,20.5
True,True,0.65,0.4,0.05,0.15,False,0.05,-45.7745885200977,427.89327495015596,-53.12881493506497,-1.0035605089199742,256,5422.54114799023,21.0
True,True,0.65,0.4,0.05,0.15,False,0.15,-45.7785352388477,427.85234469617814,-53.12881493506497,-1.0036919629519157,256,5422.14647611523,20.2
True,True,0.55,0.4,0.1,0.15,False,0.15,-45.81487622181651,428.10934533797484,-55.053073551889554,-0.9027990882151727,310,5418.512377818349,17.5
True,True,0.55,0.4,0.1,0.15,False,0.05,-45.81487622181651,428.10934533797484,-55.053073551889554,-0.9027990882151727,310,5418.512377818349,17.8
True,True,0.65,0.4,0.1,0.5,False,0.1,-45.90404168542973,427.8514518433359,-51.04026706559664,-1.0140019028502194,248,5409.595831457027,22.0
True,True,0.65,0.4,0.1,0.5,False,0.05,-45.90404168542973,427.8514518433359,-51.04026706559664,-1.0140019028502194,248,5409.595831457027,20.1
True,True,0.65,0.4,0.1,0.5,False,0.15,-45.90404168542973,427.8514518433359,-51.04026706559664,-1.0140019028502194,248,5409.595831457027,20.1
True,True,0.65,0.4,0.1,0.3,True,0.15,-46.26576096519537,427.87048370655174,-52.841024581788545,-0.9615267423593338,236,5373.423903480463,19.6
True,True,0.65,0.4,0.1,0.25,True,0.15,-46.26616877769538,427.8662544036149,-52.841024581788545,-0.9615397471507487,236,5373.3831222304625,21.3
True,True,0.65,0.4,0.1,0.5,True,0.15,-46.26659471519538,427.8618371316586,-52.841024581788545,-0.9615533297100957,236,5373.340528480462,19.1
True,True,0.65,0.4,0.1,0.35,True,0.15,-46.26759612144538,427.8514518433359,-52.841024581788545,-0.9615852622764803,236,5373.240387855462,21.8
True,True,0.65,0.4,0.1,0.15,True,0.15,-46.27084955894538,427.81771140435063,-52.841024581788545,-0.9616889983019486,236,5372.915044105463,21.8
True,True,0.65,0.4,0.15,0.35,False,0.15,-46.481871779628904,428.29158130229877,-56.149007560967476,-1.0217852069963318,254,5351.81282203711,21.5
True,True,0.65,0.4,0.15,0.35,False,0.05,-46.481871779628904,428.29158130229877,-56.149007560967476,-1.0217852069963318,254,5351.81282203711,24.7
True,True,0.65,0.4,0.15,0.35,False,0.1,-46.4876296702539,428.2308203167725,-56.149007560967476,-1.0219798280022647,254,5351.23703297461,22.4
True,True,0.7,0.4,0.15,0.3,True,0.15,-46.72980476517576,427.88110395614876,-52.75992113388216,-1.0799909259927047,202,5327.019523482424,19.6
True,True,0.7,0.4,0.15,0.15,True,0.15,-46.73526874955076,427.8234444594429,-52.75992113388216,-1.080185906057932,202,5326.473125044924,19.9
True,True,0.7,0.4,0.1,0.5,True,0.1,-46.74950347558586,427.9387164605998,-54.64789831238412,-1.0668137203117205,205,5325.049652441414,20.9
True,True,0.7,0.4,0.15,0.3,True,0.1,-46.75496300683586,427.88110395614876,-54.64789831238412,-1.0670062139216814,205,5324.503699316414,22.4
True,True,0.7,0.4,0.15,0.25,True,0.1,-46.75614308496086,427.86865100861246,-54.64789831238412,-1.0670478141834405,205,5324.385691503914,18.6
True,True,0.7,0.4,0.15,0.15,True,0.1,-46.76042699121086,427.8234444594429,-54.64789831238412,-1.0671988093166052,205,5323.957300878914,22.0
True,True,0.7,0.4,0.1,0.3,True,0.1,-46.76211472558586,427.8056343948532,-54.64789831238412,-1.0672582876738552,205,5323.788527441414,19.5
True,True,0.7,0.4,0.1,0.25,True,0.1,-46.76342394433586,427.7918186719261,-54.64789831238412,-1.067304422923889,205,5323.657605566414,20.5
True,True,0.7,0.4,0.1,0.35,True,0.1,-46.767048788085866,427.7535669764749,-54.64789831238412,-1.0674321413688936,205,5323.295121191413,19.0
True,True,0.7,0.4,0.1,0.15,True,0.1,-46.77847550683586,427.63298485051945,-54.64789831238412,-1.0678345931566293,205,5322.152449316414,21.1
True,True,0.65,0.4,0.05,0.25,False,0.15,-47.385371634121235,427.9326074674688,-54.49852519975731,-1.0572931220008044,256,5261.462836587876,16.5
True,True,0.65,0.4,0.05,0.25,False,0.1,-47.38595788412123,427.9263105053183,-54.49852519975731,-1.0573134331558423,256,5261.4042115878765,20.7
True,True,0.65,0.4,0.05,0.25,False,0.05,-47.38595788412123,427.9263105053183,-54.49852519975731,-1.0573134331558423,256,5261.4042115878765,19.0
True,True,0.65,0.4,0.1,0.15,False,0.1,-47.41127950984385,427.809581744261,-54.89383289453493,-1.05649212057773,254,5258.872049015615,19.8
True,True,0.65,0.4,0.1,0.15,False,0.05,-47.41127950984385,427.809581744261,-54.89383289453493,-1.05649212057773,254,5258.872049015615,20.9
True,True,0.65,0.4,0.1,0.15,False,0.15,-47.41127950984385,427.809581744261,-54.89383289453493,-1.05649212057773,254,5258.872049015615,20.8
True,True,0.65,0.4,0.1,0.35,False,0.05,-47.59067803859376,427.8368372520763,-50.467163814269725,-1.1012153048873945,248,5240.932196140624,26.0
True,True,0.65,0.4,0.1,0.35,False,0.15,-47.59067803859376,427.8368372520763,-50.467163814269725,-1.1012153048873945,248,5240.932196140624,21.6
True,True,0.65,0.4,0.1,0.35,False,0.1,-47.59067803859376,427.8662544036149,-50.467163814269725,-1.1012153048873945,248,5240.932196140624,21.0
True,True,0.65,0.4,0.05,0.3,False,0.15,-47.63986217162123,427.8853802513405,-54.49852519975731,-1.0660943288234341,257,5236.0137828378765,20.1
True,True,0.65,0.4,0.05,0.3,False,0.05,-47.64293779662124,427.85234469617814,-54.49852519975731,-1.0662015243909497,257,5235.706220337876,21.3
True,True,0.65,0.4,0.05,0.3,False,0.1,-47.64293779662124,427.85234469617814,-54.49852519975731,-1.0662015243909497,257,5235.706220337876,20.7
True,True,0.7,0.4,0.1,0.5,True,0.15,-48.094399394863274,427.9387164605998,-54.719824615435066,-1.1131188694696246,204,5190.560060513672,21.0
True,True,0.7,0.4,0.1,0.3,True,0.15,-48.106789394863284,427.8056343948532,-54.719824615435066,-1.1135700536358593,204,5189.321060513672,20.5
True,True,0.7,0.4,0.1,0.25,True,0.15,-48.10807564486328,427.7918186719261,-54.719824615435066,-1.1136168745769677,204,5189.1924355136725,20.2
True,True,0.7,0.4,0.1,0.35,True,0.15,-48.111636894863274,427.7535669764749,-54.719824615435066,-1.1137464903001602,204,5188.836310513672,20.0
True,True,0.7,0.4,0.1,0.15,True,0.15,-48.122863144863274,427.63298485051945,-54.719824615435066,-1.1141549113969982,204,5187.713685513672,18.7
True,True,0.75,0.4,0.1,0.15,True,0.1,-48.287927463417915,428.1307268139334,-53.14588913708901,-1.2561188693398113,180,5171.207253658208,23.4
True,True,0.65,0.4,0.05,0.35,False,0.15,-48.458173619902574,427.8847693520273,-55.19857311727778,-1.0946719653736565,257,5154.182638009743,16.0
True,True,0.65,0.4,0.05,0.35,False,0.1,-48.458173619902574,427.8847693520273,-55.19857311727778,-1.0946719653736565,257,5154.182638009743,16.1
True,True,0.65,0.4,0.05,0.35,False,0.05,-48.458173619902574,427.8847693520273,-55.19857311727778,-1.0946719653736565,257,5154.182638009743,17.3
True,True,0.75,0.4,0.05,0.35,True,0.05,-48.513653301757785,428.1307268139334,-53.12065164423802,-1.264933917283558,180,5148.634669824221,18.5
True,True,0.75,0.4,0.05,0.35,True,0.1,-48.513653301757785,428.1307268139334,-53.12065164423802,-1.264933917283558,180,5148.634669824221,19.3
True,True,0.75,0.4,0.05,0.25,True,0.05,-48.513653301757785,428.1307268139334,-53.12065164423802,-1.264933917283558,180,5148.634669824221,18.3
True,True,0.75,0.4,0.05,0.3,True,0.1,-48.513653301757785,428.1307268139334,-53.12065164423802,-1.264933917283558,180,5148.634669824221,19.2
True,True,0.75,0.4,0.05,0.3,True,0.05,-48.513653301757785,428.1307268139334,-53.12065164423802,-1.264933917283558,180,5148.634669824221,19.5
True,True,0.75,0.4,0.05,0.15,True,0.15,-48.513653301757785,428.1307268139334,-53.12065164423802,-1.264933917283558,180,5148.634669824221,18.3
True,True,0.75,0.4,0.05,0.15,True,0.05,-48.513653301757785,428.1307268139334,-53.12065164423802,-1.264933917283558,180,5148.634669824221,18.0
True,True,0.75,0.4,0.05,0.15,True,0.1,-48.513653301757785,428.1307268139334,-53.12065164423802,-1.264933917283558,180,5148.634669824221,20.5
True,True,0.75,0.4,0.05,0.25,True,0.1,-48.513653301757785,428.1307268139334,-53.12065164423802,-1.264933917283558,180,5148.634669824221,18.8
True,True,0.75,0.4,0.05,0.3,True,0.15,-48.513653301757785,428.1307268139334,-53.12065164423802,-1.264933917283558,180,5148.634669824221,18.1
True,True,0.75,0.4,0.05,0.25,True,0.15,-48.513653301757785,428.1307268139334,-53.12065164423802,-1.264933917283558,180,5148.634669824221,19.6
True,True,0.75,0.4,0.05,0.5,True,0.15,-48.513653301757785,428.1307268139334,-53.12065164423802,-1.264933917283558,180,5148.634669824221,18.6
True,True,0.75,0.4,0.05,0.35,True,0.15,-48.513653301757785,428.1307268139334,-53.12065164423802,-1.264933917283558,180,5148.634669824221,18.6
True,True,0.75,0.4,0.05,0.5,True,0.05,-48.513653301757785,428.1307268139334,-53.12065164423802,-1.264933917283558,180,5148.634669824221,19.9
True,True,0.75,0.4,0.05,0.5,True,0.1,-48.513653301757785,428.1307268139334,-53.12065164423802,-1.264933917283558,180,5148.634669824221,19.6
True,True,0.7,0.4,0.15,0.5,False,0.15,-49.161704277558755,427.9592050837162,-56.82465168663211,-1.2147503653334069,214,5083.829572244124,19.5
True,True,0.7,0.4,0.15,0.5,False,0.05,-49.181697636933755,427.74055012188035,-56.82465168663211,-1.2155357149609591,214,5081.830236306624,19.4
True,True,0.7,0.4,0.15,0.5,False,0.1,-49.181697636933755,427.74055012188035,-56.82465168663211,-1.2155357149609591,214,5081.830236306624,20.4
True,True,0.7,0.4,0.15,0.35,False,0.1,-50.40622078623065,427.7879653070281,-57.980077745581816,-1.2796610808863915,216,4959.377921376935,20.2
True,True,0.7,0.4,0.15,0.35,False,0.05,-50.40622078623065,427.7879653070281,-57.980077745581816,-1.2796610808863915,216,4959.377921376935,19.9
True,True,0.7,0.4,0.15,0.35,False,0.15,-50.40622078623065,427.7879653070281,-57.980077745581816,-1.2796610808863915,216,4959.377921376935,22.6
True,True,0.7,0.4,0.15,0.25,False,0.1,-51.47270186152346,427.88110395614876,-57.212027652371454,-1.3482570069380748,208,4852.7298138476535,19.7
True,True,0.7,0.4,0.15,0.3,False,0.15,-51.47270186152346,427.88110395614876,-57.212027652371454,-1.3482570069380748,208,4852.7298138476535,18.7
True,True,0.7,0.4,0.15,0.25,False,0.15,-51.47270186152346,427.86865100861246,-57.212027652371454,-1.3482570069380748,208,4852.7298138476535,18.5
True,True,0.7,0.4,0.15,0.3,False,0.05,-51.47270186152346,427.8168655437633,-57.212027652371454,-1.3482570069380748,208,4852.7298138476535,20.4
True,True,0.7,0.4,0.15,0.3,False,0.1,-51.47270186152346,427.8168655437633,-57.212027652371454,-1.3482570069380748,208,4852.7298138476535,21.9
True,True,0.7,0.4,0.15,0.25,False,0.05,-51.47270186152346,427.88110395614876,-57.212027652371454,-1.3482570069380748,208,4852.7298138476535,21.0
True,True,0.75,0.4,0.15,0.15,True,0.15,-51.89670209767583,428.5490048743892,-56.12164586106636,-1.434621604437999,173,4810.3297902324175,21.2
True,True,0.75,0.4,0.15,0.3,True,0.15,-51.90130084767583,428.4958096418944,-56.12164586106636,-1.4348332368745969,173,4809.869915232418,18.8
True,True,0.75,0.4,0.1,0.15,True,0.05,-52.491043794629,428.7389475685092,-56.57996869607673,-1.4433898348412397,175,4750.8956205371005,24.1
True,True,0.75,0.4,0.1,0.3,True,0.05,-52.493601763379004,428.708778540893,-56.57996869607673,-1.4435082398976915,175,4750.6398236621,25.8
True,True,0.75,0.4,0.1,0.25,True,0.05,-52.501247779004004,428.61860040382805,-56.57996869607673,-1.4438619882595918,175,4749.8752220996,26.3
True,True,0.75,0.4,0.15,0.15,True,0.05,-52.50714863837901,428.5490048743892,-56.57996869607673,-1.444134815507447,175,4749.2851361621,18.6
True,True,0.75,0.4,0.15,0.3,True,0.05,-52.511658950879,428.4958096418944,-56.57996869607673,-1.4443432446477147,175,4748.8341049121,19.1
True,True,0.75,0.4,0.15,0.25,True,0.05,-52.511710747753995,428.49519874258135,-56.57996869607673,-1.444345637735738,175,4748.8289252246,19.1
True,True,0.75,0.4,0.1,0.5,True,0.05,-52.512392075879,428.4871630670013,-56.57996869607673,-1.4443771149141131,175,4748.7607924121,22.0
True,True,0.75,0.4,0.1,0.35,True,0.05,-52.514746841504,428.4593906443825,-56.57996869607673,-1.4444858883214668,175,4748.5253158496,22.2
True,True,0.7,0.4,0.1,0.5,False,0.1,-52.53641830503909,427.8629649457751,-56.840574782819964,-1.3494953317790153,208,4746.358169496091,19.4
True,True,0.7,0.4,0.1,0.5,False,0.05,-52.53641830503909,427.8629649457751,-56.840574782819964,-1.3494953317790153,208,4746.358169496091,19.5
True,True,0.7,0.4,0.1,0.5,False,0.15,-52.53641830503909,427.8629649457751,-56.840574782819964,-1.3494953317790153,208,4746.358169496091,20.9
True,True,0.7,0.4,0.1,0.25,False,0.05,-52.799927559238235,427.7918186719261,-59.05136713581871,-1.3844859743646407,210,4720.007244076176,18.7
True,True,0.7,0.4,0.1,0.25,False,0.15,-52.799927559238235,427.7918186719261,-59.05136713581871,-1.3844859743646407,210,4720.007244076176,20.2
True,True,0.7,0.4,0.1,0.3,False,0.05,-52.799927559238235,427.6590655519634,-59.05136713581871,-1.3844859743646407,210,4720.007244076176,20.6
True,True,0.7,0.4,0.1,0.3,False,0.1,-52.799927559238235,427.6590655519634,-59.05136713581871,-1.3844859743646407,210,4720.007244076176,19.0
True,True,0.7,0.4,0.1,0.25,False,0.1,-52.799927559238235,427.7918186719261,-59.05136713581871,-1.3844859743646407,210,4720.007244076176,20.8
True,True,0.7,0.4,0.1,0.3,False,0.15,-52.799927559238235,427.6590655519634,-59.05136713581871,-1.3844859743646407,210,4720.007244076176,20.2
True,True,0.7,0.4,0.1,0.35,False,0.05,-53.134133254863336,427.85507024695966,-59.33623663818353,-1.3989308766405908,210,4686.586674513666,20.6
True,True,0.7,0.4,0.1,0.35,False,0.15,-53.134133254863336,427.85507024695966,-59.33623663818353,-1.3989308766405908,210,4686.586674513666,19.3
True,True,0.7,0.4,0.1,0.35,False,0.1,-53.134133254863336,427.85507024695966,-59.33623663818353,-1.3989308766405908,210,4686.586674513666,20.9
True,True,0.65,0.4,0.05,0.5,False,0.15,-53.67384887269525,427.81498585356917,-55.48295898241018,-1.2760667611875707,254,4632.615112730475,17.8
True,True,0.65,0.4,0.05,0.5,False,0.05,-53.67384887269525,427.81498585356917,-55.48295898241018,-1.2760667611875707,254,4632.615112730475,16.2
True,True,0.65,0.4,0.05,0.5,False,0.1,-53.674598872695256,427.80596334063716,-55.48295898241018,-1.276097069053309,254,4632.540112730474,16.6
True,True,0.75,0.4,0.1,0.15,True,0.15,-53.750244517460956,428.7389475685092,-57.85364302403936,-1.4990000574625635,174,4624.975548253905,21.8
True,True,0.75,0.4,0.1,0.3,True,0.1,-53.75270217371095,428.708778540893,-57.85364302403936,-1.4991177241724272,174,4624.729782628905,24.7
True,True,0.75,0.4,0.1,0.25,True,0.1,-53.76004834558594,428.61860040382805,-57.85364302403936,-1.4994692629636726,174,4623.995165441405,22.1
True,True,0.75,0.4,0.1,0.25,True,0.15,-53.76004834558594,428.61860040382805,-57.85364302403936,-1.4994692629636726,174,4623.995165441405,23.5
True,True,0.75,0.4,0.15,0.25,True,0.1,-53.76295389246094,428.58293328239387,-57.85364302403936,-1.499608229251615,174,4623.704610753905,19.4
True,True,0.75,0.4,0.1,0.3,True,0.15,-53.76492920496096,428.5586852788891,-57.85364302403936,-1.4997026804567493,174,4623.507079503905,26.3
True,True,0.75,0.4,0.15,0.3,True,0.1,-53.77005123621096,428.4958096418944,-57.85364302403936,-1.499947504481046,174,4622.994876378904,21.7
True,True,0.75,0.4,0.1,0.35,True,0.15,-53.770200533085955,428.49397694395515,-57.85364302403936,-1.4999546386542075,174,4622.979946691405,23.4
True,True,0.75,0.4,0.1,0.5,True,0.1,-53.77075561121095,428.4871630670013,-57.85364302403936,-1.4999811621786074,174,4622.924438878905,22.5
True,True,0.75,0.4,0.1,0.5,True,0.15,-53.77075561121095,428.4871630670013,-57.85364302403936,-1.4999811621786074,174,4622.924438878905,23.7
True,True,0.75,0.4,0.1,0.35,True,0.1,-53.773018033085954,428.4593906443825,-57.85364302403936,-1.5000892525861824,174,4622.6981966914045,25.0
True,True,0.75,0.4,0.15,0.15,True,0.1,-53.77476748621096,428.43791518391424,-57.85364302403936,-1.5001728177669758,174,4622.523251378904,18.9
True,True,0.75,0.4,0.1,0.5,False,0.05,-53.825129290683705,428.49397694395515,-58.895907097805086,-1.6380580912566767,176,4617.487070931629,26.8
True,True,0.75,0.4,0.1,0.5,False,0.1,-53.825129290683705,428.49397694395515,-58.895907097805086,-1.6380580912566767,176,4617.487070931629,22.5
True,True,0.75,0.4,0.1,0.5,False,0.15,-53.8256843688087,428.4871630670013,-58.895907097805086,-1.6380870657866402,176,4617.431563119129,24.7
True,True,0.7,0.4,0.15,0.15,False,0.1,-53.95017234886738,427.9387164605998,-59.1969323706676,-1.4536417409899753,210,4604.982765113262,20.5
True,True,0.7,0.4,0.15,0.15,False,0.05,-53.95017234886738,427.9387164605998,-59.1969323706676,-1.4536417409899753,210,4604.982765113262,20.2
True,True,0.7,0.4,0.15,0.15,False,0.15,-53.95017234886738,427.9387164605998,-59.1969323706676,-1.4536417409899753,210,4604.982765113262,19.1
True,True,0.75,0.4,0.15,0.15,False,0.1,-54.104390420898504,428.4871630670013,-59.177460222823676,-1.7034269507848898,177,4589.560957910149,21.5
True,True,0.75,0.4,0.15,0.15,False,0.05,-54.108402295898514,428.43791518391424,-59.177460222823676,-1.7036445293956621,177,4589.159770410149,20.9
True,True,0.75,0.4,0.15,0.15,False,0.15,-54.108402295898514,428.43791518391424,-59.177460222823676,-1.7036445293956621,177,4589.159770410149,19.0
True,True,0.75,0.4,0.15,0.25,False,0.05,-54.155814941738434,428.58293328239387,-59.07409161584623,-1.7091203670283335,177,4584.418505826156,21.0
True,True,0.75,0.4,0.15,0.25,False,0.15,-54.155814941738434,428.58293328239387,-59.07409161584623,-1.7091203670283335,177,4584.418505826156,18.5
True,True,0.75,0.4,0.15,0.3,False,0.1,-54.15857884798845,428.5490048743892,-59.07409161584623,-1.7092709591879651,177,4584.142115201155,19.0
True,True,0.75,0.4,0.15,0.3,False,0.05,-54.16291228548845,428.4958096418944,-59.07409161584623,-1.709506949992098,177,4583.708771451155,18.7
True,True,0.75,0.4,0.15,0.25,False,0.1,-54.16291228548845,428.4958096418944,-59.07409161584623,-1.709506949992098,177,4583.708771451155,18.5
True,True,0.75,0.4,0.15,0.3,False,0.15,-54.16291228548845,428.4958096418944,-59.07409161584623,-1.709506949992098,177,4583.708771451155,19.2
True,True,0.7,0.4,0.05,0.15,False,0.05,-54.776734727226724,428.1403602261785,-55.91008735722672,-1.5113675837573315,219,4522.326527277327,21.1
True,True,0.7,0.4,0.05,0.15,False,0.1,-54.776734727226724,428.1403602261785,-55.91008735722672,-1.5113675837573315,219,4522.326527277327,19.4
True,True,0.7,0.4,0.05,0.15,False,0.15,-54.776734727226724,428.1403602261785,-55.91008735722672,-1.5113675837573315,219,4522.326527277327,20.9
True,True,0.7,0.4,0.05,0.3,False,0.05,-54.97249953958987,428.31930673266265,-56.20299075208987,-1.521844194576668,219,4502.750046041013,19.5
True,True,0.7,0.4,0.05,0.25,False,0.15,-54.97249953958987,428.20892192601053,-56.20299075208987,-1.521844194576668,219,4502.750046041013,21.1
True,True,0.7,0.4,0.05,0.25,False,0.1,-54.97249953958987,428.20892192601053,-56.20299075208987,-1.521844194576668,219,4502.750046041013,21.0
True,True,0.7,0.4,0.05,0.3,False,0.15,-54.97249953958987,428.31930673266265,-56.20299075208987,-1.521844194576668,219,4502.750046041013,20.9
True,True,0.7,0.4,0.05,0.25,False,0.05,-54.97249953958987,428.20892192601053,-56.20299075208987,-1.521844194576668,219,4502.750046041013,19.8
True,True,0.7,0.4,0.05,0.3,False,0.1,-54.97249953958987,428.31930673266265,-56.20299075208987,-1.521844194576668,219,4502.750046041013,19.4
True,True,0.7,0.4,0.05,0.3,True,0.1,-55.07538620304702,428.31930673266265,-56.36307120054701,-1.4396612532969228,209,4492.461379695298,20.9
True,True,0.7,0.4,0.05,0.3,True,0.15,-55.07538620304702,428.31930673266265,-56.36307120054701,-1.4396612532969228,209,4492.461379695298,21.5
True,True,0.7,0.4,0.05,0.3,True,0.05,-55.07538620304702,428.31930673266265,-56.36307120054701,-1.4396612532969228,209,4492.461379695298,19.5
True,True,0.7,0.4,0.05,0.15,True,0.15,-55.08119495304703,428.24651572989376,-56.36307120054701,-1.4399275849202173,209,4491.8805046952975,20.7
True,True,0.7,0.4,0.05,0.15,True,0.05,-55.08119495304703,428.24651572989376,-56.36307120054701,-1.4399275849202173,209,4491.8805046952975,21.4
True,True,0.7,0.4,0.05,0.15,True,0.1,-55.08119495304703,428.24651572989376,-56.36307120054701,-1.4399275849202173,209,4491.8805046952975,19.9
True,True,0.7,0.4,0.05,0.25,True,0.05,-55.08695870304702,428.17428863418303,-56.36307120054701,-1.4401917150916324,209,4491.304129695298,19.7
True,True,0.7,0.4,0.05,0.25,True,0.15,-55.08695870304702,428.17428863418303,-56.36307120054701,-1.4401917150916324,209,4491.304129695298,18.9
True,True,0.7,0.4,0.05,0.25,True,0.1,-55.08695870304702,428.17428863418303,-56.36307120054701,-1.4401917150916324,209,4491.304129695298,20.5
True,True,0.75,0.4,0.05,0.5,False,0.15,-55.11608865494138,428.1307268139334,-58.452330776873815,-1.5681023820468991,182,4488.391134505862,19.2
True,True,0.75,0.4,0.05,0.5,False,0.05,-55.11608865494138,428.1307268139334,-58.452330776873815,-1.5681023820468991,182,4488.391134505862,18.9
True,True,0.75,0.4,0.05,0.5,False,0.1,-55.11608865494138,428.1307268139334,-58.452330776873815,-1.5681023820468991,182,4488.391134505862,19.4
True,True,0.7,0.4,0.05,0.5,True,0.15,-55.12365620304702,427.7144224281814,-56.36307120054701,-1.441870184069963,209,4487.634379695298,20.9
True,True,0.7,0.4,0.05,0.5,True,0.05,-55.12365620304702,427.7144224281814,-56.36307120054701,-1.441870184069963,209,4487.634379695298,19.8
True,True,0.7,0.4,0.05,0.5,True,0.1,-55.12365620304702,427.7144224281814,-56.36307120054701,-1.441870184069963,209,4487.634379695298,18.7
True,True,0.7,0.4,0.05,0.35,True,0.15,-55.12900370304702,427.64741147275964,-56.36307120054701,-1.442114300351011,209,4487.099629695298,20.4
True,True,0.7,0.4,0.05,0.35,True,0.05,-55.12900370304702,427.64741147275964,-56.36307120054701,-1.442114300351011,209,4487.099629695298,21.1
True,True,0.7,0.4,0.05,0.35,True,0.1,-55.12900370304702,427.64741147275964,-56.36307120054701,-1.442114300351011,209,4487.099629695298,19.0
True,True,0.75,0.4,0.15,0.5,True,0.15,-55.33238375566422,428.5467492461562,-57.52381107147937,-1.5429614985249323,179,4466.761624433579,20.2
True,True,0.7,0.4,0.05,0.35,False,0.05,-55.334227618964896,428.01122550983956,-56.56926598896489,-1.5363902787112735,219,4466.57723810351,21.1
True,True,0.7,0.4,0.05,0.35,False,0.1,-55.334227618964896,428.01122550983956,-56.56926598896489,-1.5363902787112735,219,4466.57723810351,19.5
True,True,0.7,0.4,0.05,0.35,False,0.15,-55.334227618964896,428.01122550983956,-56.56926598896489,-1.5363902787112735,219,4466.57723810351,19.1
True,True,0.75,0.4,0.15,0.35,True,0.15,-55.33632125566421,428.49740737855944,-57.52381107147937,-1.5431544213648911,179,4466.367874433578,19.9
True,True,0.75,0.4,0.15,0.25,True,0.15,-55.336497505664205,428.49519874258135,-57.52381107147937,-1.543163055057058,179,4466.350249433579,22.7
True,True,0.7,0.4,0.1,0.15,False,0.05,-55.88116294974621,427.77584130527566,-56.99090406662122,-1.5607321707924704,217,4411.883705025379,19.6
True,True,0.7,0.4,0.1,0.15,False,0.1,-55.88116294974621,427.77584130527566,-56.99090406662122,-1.5607321707924704,217,4411.883705025379,20.5
True,True,0.7,0.4,0.1,0.15,False,0.15,-55.88116294974621,427.77584130527566,-56.99090406662122,-1.5607321707924704,217,4411.883705025379,19.4
True,True,0.75,0.4,0.15,0.5,True,0.05,-55.898007511074276,428.5467492461562,-57.9622849727707,-1.5534113981794608,181,4410.1992488925725,21.3
True,True,0.75,0.4,0.15,0.35,True,0.05,-55.901862979824266,428.49740737855944,-57.9622849727707,-1.5536014163857728,181,4409.813702017573,19.4
True,True,0.75,0.4,0.1,0.3,False,0.15,-55.907860740273485,428.7178480460797,-60.68755396113619,-1.7712027324129391,178,4409.213925972652,25.8
True,True,0.75,0.4,0.1,0.3,False,0.1,-55.907860740273485,428.7178480460797,-60.68755396113619,-1.7712027324129391,178,4409.213925972652,22.6
True,True,0.75,0.4,0.1,0.3,False,0.05,-55.907860740273485,428.7178480460797,-60.68755396113619,-1.7712027324129391,178,4409.213925972652,27.8
True,True,0.75,0.4,0.1,0.25,False,0.15,-55.91561574027348,428.61860040382805,-60.68755396113619,-1.7716398203602972,178,4408.438425972652,22.0
True,True,0.75,0.4,0.1,0.25,False,0.05,-55.92029738089849,428.5586852788891,-60.68755396113619,-1.7719034469945643,178,4407.970261910152,23.7
True,True,0.75,0.4,0.1,0.25,False,0.1,-55.92029738089849,428.5586852788891,-60.68755396113619,-1.7719034469945643,178,4407.970261910152,20.4
True,True,0.75,0.4,0.15,0.35,False,0.05,-55.967275897695465,428.49519874258135,-58.51257623918369,-1.6945314357179178,181,4403.272410230453,18.5
True,True,0.75,0.4,0.15,0.35,False,0.1,-55.967275897695465,428.49519874258135,-58.51257623918369,-1.6945314357179178,181,4403.272410230453,19.3
True,True,0.75,0.4,0.15,0.35,False,0.15,-55.967275897695465,428.49519874258135,-58.51257623918369,-1.6945314357179178,181,4403.272410230453,20.2
True,True,0.75,0.4,0.15,0.5,True,0.1,-57.07026043181651,428.55365710761976,-59.215926485567515,-1.6070528174284338,180,4292.973956818349,20.5
True,True,0.75,0.4,0.15,0.35,True,0.1,-57.07473105681651,428.49519874258135,-59.215926485567515,-1.6072805525218967,180,4292.526894318349,21.3
True,True,0.75,0.4,0.15,0.5,False,0.05,-57.86801922230486,428.55365710761976,-59.34598358777902,-1.7966158089195097,181,4213.198077769514,20.9
True,True,0.75,0.4,0.15,0.5,False,0.15,-57.86801922230486,428.55365710761976,-59.34598358777902,-1.7966158089195097,181,4213.198077769514,20.0
True,True,0.75,0.4,0.15,0.5,False,0.1,-57.872227425429855,428.49740737855944,-59.34598358777902,-1.7968556083701053,181,4212.7772574570145,20.0
True,True,0.7,0.4,0.05,0.5,False,0.05,-58.1605781940039,427.7144224281814,-59.31871086322262,-1.6490819041061218,215,4183.94218059961,20.8
True,True,0.7,0.4,0.05,0.5,False,0.1,-58.1605781940039,427.7144224281814,-59.31871086322262,-1.6490819041061218,215,4183.94218059961,20.2
True,True,0.7,0.4,0.05,0.5,False,0.15,-58.1605781940039,427.7144224281814,-59.31871086322262,-1.6490819041061218,215,4183.94218059961,20.6
True,True,0.75,0.4,0.1,0.35,False,0.1,-58.39380699761734,428.61860040382805,-61.38492423333008,-1.954254883844461,177,4160.619300238266,23.8
True,True,0.75,0.4,0.1,0.35,False,0.05,-58.39620981011734,428.5857528176851,-61.38492423333008,-1.954404118605229,177,4160.379018988266,28.6
True,True,0.75,0.4,0.1,0.35,False,0.15,-58.39620981011734,428.5857528176851,-61.38492423333008,-1.954404118605229,177,4160.379018988266,26.5
True,True,0.75,0.4,0.1,0.15,False,0.05,-58.47699262367191,428.1307268139334,-61.75453872196361,-1.8027565608965126,183,4152.30073763281,20.3
True,True,0.75,0.4,0.1,0.15,False,0.15,-58.47699262367191,428.1307268139334,-61.75453872196361,-1.8027565608965126,183,4152.30073763281,20.3
True,True,0.75,0.4,0.1,0.15,False,0.1,-58.47699262367191,428.1307268139334,-61.75453872196361,-1.8027565608965126,183,4152.30073763281,20.0
True,True,0.75,0.4,0.05,0.15,False,0.1,-58.79451954105453,428.1307268139334,-61.85830136348538,-1.8191056378270014,183,4120.548045894548,18.2
True,True,0.75,0.4,0.05,0.15,False,0.15,-58.79451954105453,428.1307268139334,-61.85830136348538,-1.8191056378270014,183,4120.548045894548,18.4
True,True,0.75,0.4,0.05,0.15,False,0.05,-58.79451954105453,428.1307268139334,-61.85830136348538,-1.8191056378270014,183,4120.548045894548,19.0
True,True,0.75,0.4,0.05,0.3,False,0.05,-59.95033018839838,428.1307268139334,-62.99384385804816,-1.8829876402295544,183,4004.966981160161,19.1
True,True,0.75,0.4,0.05,0.3,False,0.1,-59.95033018839838,428.1307268139334,-62.99384385804816,-1.8829876402295544,183,4004.966981160161,19.1
True,True,0.75,0.4,0.05,0.3,False,0.15,-59.95033018839838,428.1307268139334,-62.99384385804816,-1.8829876402295544,183,4004.966981160161,19.4
True,True,0.75,0.4,0.05,0.25,False,0.15,-60.07654728296866,428.1307268139334,-62.980430953191636,-1.890094871381606,183,3992.3452717031337,19.1
True,True,0.75,0.4,0.05,0.25,False,0.05,-60.07654728296866,428.1307268139334,-62.980430953191636,-1.890094871381606,183,3992.3452717031337,19.9
True,True,0.75,0.4,0.05,0.25,False,0.1,-60.07654728296866,428.1307268139334,-62.980430953191636,-1.890094871381606,183,3992.3452717031337,18.5
True,True,0.75,0.4,0.05,0.35,False,0.15,-62.47428317976551,428.1307268139334,-63.91436805724597,-2.07373748704773,182,3752.571682023449,19.7
True,True,0.75,0.4,0.05,0.35,False,0.1,-62.47428317976551,428.1307268139334,-63.91436805724597,-2.07373748704773,182,3752.571682023449,18.3
True,True,0.75,0.4,0.05,0.35,False,0.05,-62.47428317976551,428.1307268139334,-63.91436805724597,-2.07373748704773,182,3752.571682023449,18.9
